,name,psnr,psnr_variance,ssim,ssim_variance,ssim_256,ssim_256_variance,mae,mae_variance,l1,l1_variance,fid,lpips
0,baseline,17.561192,7.382485,0.681898,0.016625,0.723011,0.00947,0.04427700117230415,0.0007989999721758068,0.0651480033993721,0.0009250000002793968,14.709914863687288,0.18954966962337494
