,name,psnr,psnr_variance,ssim,ssim_variance,ssim_256,ssim_256_variance,mae,mae_variance,l1,l1_variance,fid,lpips
0,baseline2,17.736244,7.880242,0.68799,0.017085,0.726245,0.009706,0.043062999844551086,0.0007910000276751816,0.06328699737787247,0.0009350000182166696,13.071095902256985,0.182699516415596
