,name,psnr,psnr_variance,ssim,ssim_variance,ssim_256,ssim_256_variance,mae,mae_variance,l1,l1_variance,fid,lpips
0,CASD_EFDM,17.374137,7.012815,0.668744,0.016581,0.716716,0.009306,0.045166999101638794,0.0007159999804571271,0.06657499819993973,0.0008650000090710819,15.879328044157035,0.19441059231758118
