,name,psnr,psnr_variance,ssim,ssim_variance,ssim_256,ssim_256_variance,mae,mae_variance,l1,l1_variance,fid,lpips
0,DPTN,17.815358,7.411209,0.683196,0.016067,0.70533,0.009829,0.04365900158882141,0.0007619999814778566,0.06418800354003906,0.0008750000270083547,20.494630940000178,0.2253294736146927
