,name,psnr,psnr_variance,ssim,ssim_variance,ssim_256,ssim_256_variance,mae,mae_variance,l1,l1_variance,fid,lpips
0,PT2,16.852457,6.866208,0.622913,0.016773,0.705843,0.009073,0.05137199908494949,0.0010560000082477927,0.07545799762010574,0.00120599998626858,13.489845194458496,0.22022657096385956
