,name,psnr,psnr_variance,ssim,ssim_variance,ssim_256,ssim_256_variance,mae,mae_variance,l1,l1_variance,fid,lpips
0,PT2_100,16.854191,6.86862,0.622807,0.016754,0.705552,0.009036,0.05135500058531761,0.0010560000082477927,0.07543099671602249,0.00120599998626858,13.532472773976508,0.22161149978637695
