{"iter": 4.0, "iter_loss": {"pair_L1loss": 0.6114002466201782, "D_PP": 1.5547358989715576, "D_PB": 1.5213149785995483, "pair_GANloss": 2.3744425773620605, "origin_L1": 0.2860982418060303, "perceptual": 0.32530200481414795, "CXLoss": 0.504033625125885, "lpips": 0.3748621344566345, "AMCE": 0.12701678276062012, "content": 1.1325913667678833, "style": 0.3907444477081299}, "_timestamp": 1735047610.3257685, "_runtime": 1021.4495515823364, "_step": 4, "epoch": 1, "epoch_loss": {"pair_L1loss": 0.06974049657583237, "D_PP": 0.15580995380878448, "D_PB": 0.1528504341840744, "pair_GANloss": 0.2466764897108078, "origin_L1": 0.03509058058261871, "perceptual": 0.034649938344955444, "CXLoss": 0.05773543193936348, "lpips": 0.0423651821911335, "AMCE": 0.014953644946217537, "content": 0.11273997277021408, "style": 0.05232909321784973}, "_wandb": {"runtime": 1107}}